id,brewery_id,latitude,longitude,accuracy
1,1,30.223400115966797,-97.76969909667969,ROOFTOP
2,2,37.782501220703125,-122.39299774169922,ROOFTOP
3,3,50.76679992675781,4.30810022354126,RANGE_INTERPOLATED
4,4,59.74509811401367,10.213500022888184,APPROXIMATE
5,5,50.26060104370117,4.912199974060059,APPROXIMATE
6,6,50.30929946899414,4.764599800109863,GEOMETRIC_CENTER
7,7,50.19990158081055,5.227700233459473,RANGE_INTERPOLATED
8,8,41.22249984741211,-77.03690338134766,RANGE_INTERPOLATED
9,9,41.43920135498047,-87.10780334472656,RANGE_INTERPOLATED
10,10,30.504899978637695,-89.94400024414062,APPROXIMATE
11,11,52.327701568603516,1.6801999807357788,APPROXIMATE
12,12,50.96989822387695,4.189199924468994,APPROXIMATE
13,13,49.765201568603516,-97.15390014648438,APPROXIMATE
14,14,41.26029968261719,-96.09030151367188,RANGE_INTERPOLATED
15,15,47.87810134887695,10.616100311279297,ROOFTOP
16,16,45.54840087890625,-122.61900329589844,ROOFTOP
17,17,58.3572998046875,-134.49000549316406,ROOFTOP
18,20,43.125701904296875,-89.32530212402344,RANGE_INTERPOLATED
19,21,32.891998291015625,-117.14399719238281,ROOFTOP
20,22,21.306900024414062,-157.85800170898438,APPROXIMATE
21,23,43.70280075073242,-70.31659698486328,RANGE_INTERPOLATED
22,24,43.70280075073242,-70.31659698486328,RANGE_INTERPOLATED
23,25,40.601600646972656,-75.4739990234375,RANGE_INTERPOLATED
24,26,47.74869918823242,10.5693998336792,ROOFTOP
25,26,47.72370147705078,10.31410026550293,ROOFTOP
26,28,38.05009841918945,-84.50879669189453,RANGE_INTERPOLATED
27,29,32.83549880981445,-116.76499938964844,RANGE_INTERPOLATED
28,30,48.345699310302734,8.40310001373291,ROOFTOP
29,31,50.91899871826172,3.263200044631958,RANGE_INTERPOLATED
30,32,41.760501861572266,-88.30899810791016,ROOFTOP
31,33,38.89659881591797,-121.0770034790039,APPROXIMATE
32,34,39.15510177612305,-94.48200225830078,RANGE_INTERPOLATED
33,35,42.37630081176758,-72.5198974609375,RANGE_INTERPOLATED
34,36,38.53499984741211,-105.99199676513672,ROOFTOP
35,37,52.37379837036133,4.890900135040283,APPROXIMATE
36,38,48.5192985534668,-122.61299896240234,RANGE_INTERPOLATED
37,39,37.76350021362305,-122.4010009765625,ROOFTOP
38,40,47.977500915527344,11.1850004196167,ROOFTOP
39,41,39.001399993896484,-123.35600280761719,ROOFTOP
40,42,44.351600646972656,-69.14009857177734,RANGE_INTERPOLATED
41,43,43.07849884033203,-89.38200378417969,APPROXIMATE
42,44,38.59830093383789,-90.20899963378906,RANGE_INTERPOLATED
43,45,40.265899658203125,-76.87529754638672,ROOFTOP
44,46,44.26190185546875,-88.41539764404297,APPROXIMATE
45,47,42.321998596191406,-85.18509674072266,RANGE_INTERPOLATED
46,49,53.343299865722656,-6.284599781036377,APPROXIMATE
47,51,35.622100830078125,-82.55359649658203,ROOFTOP
48,54,33.81800079345703,-84.435302734375,ROOFTOP
49,55,44.399600982666016,-68.33399963378906,ROOFTOP
50,56,42.33720016479492,-83.01860046386719,ROOFTOP
51,57,44.28960037231445,-94.4489974975586,RANGE_INTERPOLATED
52,58,44.28960037231445,-94.4489974975586,RANGE_INTERPOLATED
53,59,38.5702018737793,-90.88020324707031,RANGE_INTERPOLATED
54,61,-37.96799850463867,144.52499389648438,ROOFTOP
55,62,40.0166015625,-105.21900177001953,ROOFTOP
56,1394,35.61970138549805,-78.80850219726562,ROOFTOP
58,63,41.61240005493164,-86.72679901123047,RANGE_INTERPOLATED
59,64,39.576499938964844,-106.09400177001953,RANGE_INTERPOLATED
60,65,44.04859924316406,-91.67739868164062,RANGE_INTERPOLATED
61,66,44.4213981628418,-84.11669921875,APPROXIMATE
62,68,32.76679992675781,-117.19499969482422,ROOFTOP
63,69,39.41999816894531,-76.54000091552734,APPROXIMATE
64,70,49.890098571777344,10.906700134277344,ROOFTOP
65,71,44.16360092163086,-93.99939727783203,APPROXIMATE
66,72,44.38750076293945,-68.20459747314453,RANGE_INTERPOLATED
67,73,38.916900634765625,-94.39430236816406,ROOFTOP
68,74,48.39789962768555,9.989899635314941,ROOFTOP
69,75,34.47019958496094,-114.3499984741211,RANGE_INTERPOLATED
70,76,41.05229949951172,-75.33540344238281,APPROXIMATE
71,77,40.0452995300293,-86.0155029296875,ROOFTOP
72,78,45.0359992980957,-93.19840240478516,ROOFTOP
73,79,39.9744987487793,-83.04900360107422,ROOFTOP
74,80,39.971900939941406,-83.00270080566406,ROOFTOP
75,81,36.07210159301758,-115.07499694824219,ROOFTOP
76,82,47.520301818847656,-122.31199645996094,RANGE_INTERPOLATED
77,83,39.11360168457031,-84.5260009765625,RANGE_INTERPOLATED
78,84,39.97669982910156,-74.18289947509766,RANGE_INTERPOLATED
79,85,52.80459976196289,-1.628100037574768,RANGE_INTERPOLATED
80,86,10.963899612426758,-74.79640197753906,APPROXIMATE
81,87,41.237998962402344,-77.01029968261719,RANGE_INTERPOLATED
82,1393,44.100399017333984,-70.21479797363281,APPROXIMATE
83,88,48.395198822021484,11.728799819946289,ROOFTOP
84,89,46.87260055541992,-114.0199966430664,ROOFTOP
85,90,38.254600524902344,-85.74009704589844,ROOFTOP
86,91,28.538299560546875,-81.37920379638672,APPROXIMATE
87,92,37.76940155029297,-122.51000213623047,ROOFTOP
88,93,51.89699935913086,-8.476900100708008,GEOMETRIC_CENTER
89,94,38.61119842529297,-122.87100219726562,RANGE_INTERPOLATED
90,96,38.8916015625,-121.29299926757812,APPROXIMATE
91,97,44.429500579833984,-68.9749984741211,RANGE_INTERPOLATED
92,98,55.99700164794922,-2.5097999572753906,GEOMETRIC_CENTER
93,99,17.497699737548828,-88.18669891357422,APPROXIMATE
94,100,42.2843017578125,-85.45379638671875,ROOFTOP
95,101,43.194698333740234,-88.72899627685547,APPROXIMATE
96,102,41.50590133666992,-90.51709747314453,RANGE_INTERPOLATED
97,103,52.47930145263672,13.429300308227539,ROOFTOP
98,104,52.523399353027344,13.411399841308594,APPROXIMATE
99,106,40.62200164794922,-75.38200378417969,RANGE_INTERPOLATED
100,107,40.110599517822266,-88.2072982788086,APPROXIMATE
101,108,32.32929992675781,-96.62529754638672,APPROXIMATE
102,109,51.516300201416016,5.597700119018555,RANGE_INTERPOLATED
103,110,51.54399871826172,5.128499984741211,RANGE_INTERPOLATED
104,111,51.168399810791016,6.051499843597412,RANGE_INTERPOLATED
105,112,37.77560043334961,-122.39800262451172,ROOFTOP
106,113,35.81039810180664,-78.6178970336914,ROOFTOP
107,114,45.022300720214844,-84.68260192871094,GEOMETRIC_CENTER
108,115,42.963401794433594,-85.66809844970703,APPROXIMATE
109,116,36.24259948730469,-115.23600006103516,ROOFTOP
110,117,45.77360153198242,-111.1719970703125,RANGE_INTERPOLATED
111,118,42.151100158691406,-87.91439819335938,ROOFTOP
112,119,49.10490036010742,-122.69000244140625,APPROXIMATE
113,120,49.1343994140625,-123.06500244140625,ROOFTOP
114,121,50.98469924926758,-113.95600128173828,ROOFTOP
115,122,46.922298431396484,-114.072998046875,ROOFTOP
116,123,47.65760040283203,-122.31300354003906,ROOFTOP
117,124,45.898101806640625,-123.96099853515625,ROOFTOP
118,125,50.09429931640625,8.691300392150879,ROOFTOP
119,127,46.05970001220703,13.226900100708008,RANGE_INTERPOLATED
120,128,44.51530075073242,7.892199993133545,RANGE_INTERPOLATED
121,129,44.660099029541016,10.281399726867676,RANGE_INTERPOLATED
122,130,37.863399505615234,-122.25900268554688,ROOFTOP
123,131,49.9739990234375,6.52269983291626,APPROXIMATE
124,132,45.52349853515625,-122.6760025024414,APPROXIMATE
125,133,33.91320037841797,-117.88899993896484,ROOFTOP
126,135,41.88169860839844,-87.69259643554688,APPROXIMATE
127,136,37.22999954223633,-80.41000366210938,APPROXIMATE
128,137,36.152000427246094,-86.79889678955078,ROOFTOP
129,138,38.833900451660156,-104.82099914550781,APPROXIMATE
130,139,45.532501220703125,-122.68599700927734,APPROXIMATE
131,140,39.171600341796875,-86.5103988647461,RANGE_INTERPOLATED
132,141,43.05979919433594,-89.30850219726562,ROOFTOP
133,142,41.51179885864258,-90.57460021972656,RANGE_INTERPOLATED
134,143,35.08449935913086,-106.6510009765625,APPROXIMATE
135,144,40.75910186767578,-73.02149963378906,ROOFTOP
136,145,34.85309982299805,-82.39830017089844,ROOFTOP
137,146,38.25299835205078,-85.65399932861328,ROOFTOP
138,147,44.133201599121094,-73.07839965820312,RANGE_INTERPOLATED
139,148,53.4807014465332,-2.2344000339508057,APPROXIMATE
140,149,35.15840148925781,-114.572998046875,ROOFTOP
141,150,34.053199768066406,-118.25599670410156,ROOFTOP
142,151,42.43109893798828,-83.4832992553711,APPROXIMATE
143,152,13.778300285339355,100.50900268554688,GEOMETRIC_CENTER
144,153,35.37329864501953,-119.01899719238281,APPROXIMATE
145,155,35.08679962158203,-89.81009674072266,APPROXIMATE
146,156,52.67390060424805,14.900400161743164,RANGE_INTERPOLATED
147,157,42.31439971923828,-71.10340118408203,ROOFTOP
148,158,42.34700012207031,-71.0988998413086,ROOFTOP
149,159,42.866600036621094,-109.86599731445312,RANGE_INTERPOLATED
150,160,40.02669906616211,-105.24800109863281,ROOFTOP
151,161,39.08209991455078,-94.59649658203125,ROOFTOP
152,162,48.747501373291016,-122.48100280761719,RANGE_INTERPOLATED
153,163,45.42890167236328,-73.63130187988281,APPROXIMATE
154,164,49.71849822998047,5.55709981918335,RANGE_INTERPOLATED
155,165,50.485198974609375,2.8306000232696533,APPROXIMATE
156,166,50.843101501464844,3.6077001094818115,RANGE_INTERPOLATED
157,167,50.150699615478516,5.744200229644775,RANGE_INTERPOLATED
158,168,50.55929946899414,4.136499881744385,GEOMETRIC_CENTER
159,170,50.369300842285156,3.8269999027252197,GEOMETRIC_CENTER
160,171,50.51089859008789,3.3882999420166016,RANGE_INTERPOLATED
161,173,49.98419952392578,4.311100006103516,RANGE_INTERPOLATED
162,174,50.37049865722656,3.726300001144409,RANGE_INTERPOLATED
163,175,50.7046012878418,5.822000026702881,GEOMETRIC_CENTER
164,176,50.785301208496094,4.24370002746582,RANGE_INTERPOLATED
165,177,50.79750061035156,2.5411999225616455,RANGE_INTERPOLATED
166,178,50.22480010986328,4.410200119018555,APPROXIMATE
167,179,50.64929962158203,3.9242000579833984,ROOFTOP
168,180,-17.67970085144043,-149.40699768066406,APPROXIMATE
169,182,45.70750045776367,5.915299892425537,RANGE_INTERPOLATED
170,183,47.25429916381836,7.002600193023682,ROOFTOP
171,184,50.620399475097656,3.759200096130371,GEOMETRIC_CENTER
172,185,48.00279998779297,6.658299922943115,GEOMETRIC_CENTER
173,186,32.39059829711914,-93.3739013671875,RANGE_INTERPOLATED
174,187,50.3114013671875,4.94350004196167,RANGE_INTERPOLATED
175,188,50.57789993286133,3.5553998947143555,RANGE_INTERPOLATED
176,189,50.571800231933594,3.6507999897003174,RANGE_INTERPOLATED
177,190,50.30889892578125,3.628499984741211,APPROXIMATE
178,191,50.742801666259766,3.6875,RANGE_INTERPOLATED
179,192,50.2859992980957,5.512700080871582,RANGE_INTERPOLATED
180,193,50.60540008544922,3.077500104904175,APPROXIMATE
181,194,50.40800094604492,4.165900230407715,RANGE_INTERPOLATED
182,195,50.20240020751953,4.89139986038208,RANGE_INTERPOLATED
183,196,50.260101318359375,3.3125,RANGE_INTERPOLATED
184,197,50.674598693847656,4.150899887084961,RANGE_INTERPOLATED
185,198,45.46820068359375,-73.59130096435547,ROOFTOP
186,199,42.64830017089844,9.452899932861328,GEOMETRIC_CENTER
187,200,50.885101318359375,2.4328999519348145,ROOFTOP
188,201,50.36819839477539,4.326600074768066,RANGE_INTERPOLATED
189,202,50.84159851074219,4.3354997634887695,ROOFTOP
190,203,48.59299850463867,7.714900016784668,RANGE_INTERPOLATED
191,204,47.67150115966797,9.588800430297852,ROOFTOP
192,205,47.97060012817383,11.780799865722656,ROOFTOP
193,206,53.07870101928711,8.79010009765625,ROOFTOP
194,207,51.30550003051758,8.125900268554688,GEOMETRIC_CENTER
195,208,49.89419937133789,10.885499954223633,APPROXIMATE
196,209,49.94770050048828,11.565899848937988,ROOFTOP
197,210,48.23509979248047,13.82919979095459,ROOFTOP
198,211,47.36249923706055,15.09469985961914,ROOFTOP
199,212,52.39350128173828,9.681400299072266,ROOFTOP
200,213,47.82429885864258,10.023900032043457,ROOFTOP
201,214,47.364200592041016,8.524499893188477,ROOFTOP
202,216,47.78179931640625,9.621500015258789,ROOFTOP
203,217,47.330101013183594,9.41349983215332,RANGE_INTERPOLATED
204,218,50.875301361083984,6.9944000244140625,ROOFTOP
205,219,47.43009948730469,9.379400253295898,ROOFTOP
206,220,51.22159957885742,6.785299777984619,ROOFTOP
207,221,51.284698486328125,7.293600082397461,ROOFTOP
208,222,49.89419937133789,10.885499954223633,APPROXIMATE
209,223,51.9656982421875,7.621399879455566,ROOFTOP
210,224,48.13059997558594,15.13860034942627,APPROXIMATE
211,225,48.07780075073242,9.3996000289917,ROOFTOP
213,227,44.410499572753906,-95.41069793701172,RANGE_INTERPOLATED
214,228,49.69929885864258,9.249199867248535,ROOFTOP
215,229,51.24039840698242,6.7515997886657715,ROOFTOP
216,230,47.66510009765625,9.175000190734863,ROOFTOP
217,231,43.06460189819336,141.3470001220703,APPROXIMATE
218,232,50.93939971923828,6.959400177001953,ROOFTOP
219,233,47.55849838256836,8.90060043334961,ROOFTOP
220,234,47.067901611328125,15.441699981689453,APPROXIMATE
221,235,41.25400161743164,-95.99929809570312,APPROXIMATE
222,236,39.72359848022461,-105.0009994506836,ROOFTOP
223,237,39.72359848022461,-105.0009994506836,ROOFTOP
224,238,50.67179870605469,6.122000217437744,RANGE_INTERPOLATED
225,239,41.34700012207031,-81.82260131835938,ROOFTOP
226,240,37.38610076904297,-122.08399963378906,APPROXIMATE
227,241,57.68299865722656,-2.003000020980835,APPROXIMATE
228,242,39.302799224853516,-76.61640167236328,ROOFTOP
229,243,41.45479965209961,-70.56500244140625,APPROXIMATE
230,244,50.852699279785156,4.331099987030029,GEOMETRIC_CENTER
231,245,48.973899841308594,14.475000381469727,APPROXIMATE
232,246,51.31439971923828,4.988999843597412,RANGE_INTERPOLATED
233,247,42.860599517822266,-90.17720031738281,RANGE_INTERPOLATED
234,248,50.85300064086914,4.164899826049805,RANGE_INTERPOLATED
235,249,42.681800842285156,-74.92549896240234,RANGE_INTERPOLATED
236,250,42.58470153808594,-87.82119750976562,APPROXIMATE
237,251,37.548301696777344,-121.98899841308594,APPROXIMATE
238,254,42.496498107910156,-90.66519927978516,ROOFTOP
239,255,45.53110122680664,-122.68499755859375,ROOFTOP
240,256,39.36280059814453,-77.42649841308594,ROOFTOP
241,257,38.80970001220703,-104.82599639892578,RANGE_INTERPOLATED
242,258,39.87350082397461,-86.1427001953125,RANGE_INTERPOLATED
243,259,40.721500396728516,-73.9574966430664,ROOFTOP
244,260,55.614498138427734,-3.4107000827789307,APPROXIMATE
245,261,52.366600036621094,4.926300048828125,ROOFTOP
246,262,51.297401428222656,4.6880998611450195,RANGE_INTERPOLATED
247,263,50.89609909057617,2.7221999168395996,RANGE_INTERPOLATED
248,264,50.44309997558594,4.414700031280518,RANGE_INTERPOLATED
249,265,50.88529968261719,4.700799942016602,RANGE_INTERPOLATED
250,266,50.86280059814453,3.2992000579833984,RANGE_INTERPOLATED
251,267,50.77669906616211,3.2785000801086426,RANGE_INTERPOLATED
252,268,50.71229934692383,4.219699859619141,RANGE_INTERPOLATED
253,269,51.01380157470703,4.2017998695373535,RANGE_INTERPOLATED
254,270,51.29859924316406,5.48960018157959,RANGE_INTERPOLATED
255,271,50.98500061035156,4.222599983215332,ROOFTOP
256,272,51.028099060058594,2.9038000106811523,ROOFTOP
257,273,51.20940017700195,3.2251999378204346,APPROXIMATE
258,274,50.9098014831543,4.250500202178955,RANGE_INTERPOLATED
259,110,51.54399871826172,5.128499984741211,RANGE_INTERPOLATED
260,276,51.02280044555664,4.157199859619141,RANGE_INTERPOLATED
261,277,50.81050109863281,3.185699939727783,RANGE_INTERPOLATED
262,278,51.196800231933594,3.252700090408325,ROOFTOP
263,279,50.97100067138672,4.190999984741211,RANGE_INTERPOLATED
264,280,51.25149917602539,5.546000003814697,APPROXIMATE
265,281,51.0442008972168,4.325699806213379,APPROXIMATE
266,282,50.98820114135742,5.0553998947143555,RANGE_INTERPOLATED
267,284,51.032501220703125,4.4730000495910645,RANGE_INTERPOLATED
268,286,50.77629852294922,5.165999889373779,RANGE_INTERPOLATED
269,287,50.84389877319336,3.617000102996826,RANGE_INTERPOLATED
270,288,50.81800079345703,4.2307000160217285,GEOMETRIC_CENTER
271,290,50.75859832763672,4.301199913024902,RANGE_INTERPOLATED
272,291,50.94620132446289,3.136199951171875,RANGE_INTERPOLATED
273,292,50.83100128173828,3.6758999824523926,RANGE_INTERPOLATED
274,293,51.116798400878906,5.646399974822998,RANGE_INTERPOLATED
275,294,50.84170150756836,4.021299839019775,RANGE_INTERPOLATED
276,295,50.501800537109375,4.10860013961792,APPROXIMATE
277,296,50.842498779296875,2.636199951171875,RANGE_INTERPOLATED
278,297,51.44390106201172,4.73859977722168,RANGE_INTERPOLATED
279,298,51.09230041503906,3.009999990463257,RANGE_INTERPOLATED
280,299,51.128700256347656,3.4784998893737793,RANGE_INTERPOLATED
281,300,50.85639953613281,3.884500026702881,RANGE_INTERPOLATED
282,301,50.86119842529297,2.6614999771118164,ROOFTOP
283,302,50.777801513671875,4.887700080871582,RANGE_INTERPOLATED
284,303,50.920101165771484,3.2578999996185303,RANGE_INTERPOLATED
285,304,51.17660140991211,3.7462000846862793,RANGE_INTERPOLATED
286,305,50.83219909667969,3.388400077819824,RANGE_INTERPOLATED
287,307,49.96220016479492,20.600299835205078,RANGE_INTERPOLATED
288,309,49.662200927734375,19.1742000579834,ROOFTOP
289,310,45.63800048828125,-89.4126968383789,RANGE_INTERPOLATED
290,311,38.255401611328125,-85.74410247802734,ROOFTOP
291,312,56.07460021972656,12.116100311279297,RANGE_INTERPOLATED
292,313,42.50830078125,-89.03179931640625,APPROXIMATE
293,314,40.111900329589844,-76.50309753417969,ROOFTOP
294,317,39.70500183105469,-104.93599700927734,RANGE_INTERPOLATED
295,318,36.74769973754883,-119.77200317382812,APPROXIMATE
296,319,41.24039840698242,-77.00569915771484,RANGE_INTERPOLATED
297,320,52.055999755859375,-2.7174999713897705,APPROXIMATE
298,322,52.80649948120117,-1.622499942779541,GEOMETRIC_CENTER
299,323,39.7244987487793,-121.8479995727539,ROOFTOP
300,324,36.74769973754883,-119.77200317382812,APPROXIMATE
301,325,41.5713005065918,-71.05709838867188,RANGE_INTERPOLATED
302,326,41.160701751708984,-104.802001953125,ROOFTOP
303,327,42.65420150756836,-73.74810028076172,ROOFTOP
304,328,42.18439865112305,-122.66300201416016,ROOFTOP
305,329,55.93579864501953,-3.2297000885009766,RANGE_INTERPOLATED
306,330,35.93199920654297,-84.01200103759766,ROOFTOP
307,331,37.9734992980957,-122.53099822998047,APPROXIMATE
308,332,32.91469955444336,-117.14600372314453,ROOFTOP
309,333,42.36640167236328,-71.09110260009766,ROOFTOP
310,334,43.4744987487793,-79.67749786376953,RANGE_INTERPOLATED
311,335,41.4995002746582,-81.69539642333984,APPROXIMATE
312,336,52.1343994140625,-106.64800262451172,APPROXIMATE
313,337,42.610198974609375,-70.66639709472656,ROOFTOP
314,338,43.09489822387695,-89.51629638671875,ROOFTOP
315,339,38.899898529052734,-77.0271987915039,ROOFTOP
316,340,38.84109878540039,-77.08689880371094,ROOFTOP
317,341,41.125999450683594,-73.78959655761719,ROOFTOP
318,342,52.80419921875,-6.729499816894531,GEOMETRIC_CENTER
319,343,52.719600677490234,-6.8460001945495605,APPROXIMATE
320,344,55.66669845581055,12.539299964904785,RANGE_INTERPOLATED
321,345,56.90019989013672,12.540499687194824,GEOMETRIC_CENTER
322,346,-37.82310104370117,144.9669952392578,ROOFTOP
323,347,42.26890182495117,-89.0906982421875,ROOFTOP
324,348,36.67770004272461,-121.65599822998047,APPROXIMATE
325,349,35.62310028076172,-80.80110168457031,ROOFTOP
326,350,35.910301208496094,-79.06320190429688,RANGE_INTERPOLATED
327,351,37.27479934692383,-107.87999725341797,ROOFTOP
328,352,43.754798889160156,-71.39669799804688,APPROXIMATE
329,354,43.64899826049805,-72.31929779052734,APPROXIMATE
330,355,41.962501525878906,-91.69180297851562,APPROXIMATE
331,356,30.267200469970703,-97.74310302734375,APPROXIMATE
332,357,49.18730163574219,-122.8499984741211,ROOFTOP
333,358,44.441898345947266,-89.27970123291016,ROOFTOP
334,359,14.613300323486328,-90.5353012084961,APPROXIMATE
335,360,25.7091007232666,-100.31400299072266,RANGE_INTERPOLATED
336,363,-32.890201568603516,-68.84400177001953,APPROXIMATE
337,364,37.43159866333008,-78.65689849853516,APPROXIMATE
339,367,19.721900939941406,-101.2249984741211,RANGE_INTERPOLATED
340,368,-25.168800354003906,-50.129798889160156,GEOMETRIC_CENTER
341,369,-26.891399383544922,-49.12229919433594,GEOMETRIC_CENTER
342,370,37.1875,-3.601799964904785,GEOMETRIC_CENTER
343,371,35.13999938964844,-106.5999984741211,ROOFTOP
344,372,52.13209915161133,-0.4814999997615814,GEOMETRIC_CENTER
345,373,28.212600708007812,-80.67340087890625,ROOFTOP
346,374,40.74570083618164,-74.00859832763672,GEOMETRIC_CENTER
347,375,44.83420181274414,-87.37699890136719,APPROXIMATE
348,376,39.80229949951172,-105.08399963378906,ROOFTOP
349,377,36.14759826660156,-115.2979965209961,ROOFTOP
350,378,50.035499572753906,4.377699851989746,GEOMETRIC_CENTER
351,379,27.95870018005371,-82.5093002319336,ROOFTOP
352,380,39.76839828491211,-86.15799713134766,APPROXIMATE
353,339,43.80419921875,-91.25260162353516,ROOFTOP
354,382,33.85749816894531,-117.8759994506836,APPROXIMATE
355,383,41.4995002746582,-81.69940185546875,ROOFTOP
356,384,40.6598014831543,-74.28299713134766,ROOFTOP
357,385,39.23080062866211,-76.67510223388672,ROOFTOP
358,386,50.940101623535156,6.956999778747559,ROOFTOP
359,387,35.22050094604492,-97.44390106201172,ROOFTOP
360,388,30.395999908447266,-88.88529968261719,APPROXIMATE
361,389,37.00130081176758,-121.56600189208984,ROOFTOP
362,390,37.97800064086914,-122.03099822998047,APPROXIMATE
363,391,47.67449951171875,-116.78399658203125,ROOFTOP
364,392,45.45819854736328,-94.4291000366211,RANGE_INTERPOLATED
365,393,42.41699981689453,-88.0739974975586,APPROXIMATE
366,394,42.3583984375,-71.05979919433594,APPROXIMATE
367,396,43.31769943237305,-73.63999938964844,ROOFTOP
368,397,-34.87269973754883,138.572998046875,ROOFTOP
369,398,42.589298248291016,-74.94029998779297,GEOMETRIC_CENTER
370,399,39.7598991394043,-105.21900177001953,ROOFTOP
371,400,37.727298736572266,-89.216796875,APPROXIMATE
372,401,40.92219924926758,-98.35810089111328,APPROXIMATE
373,402,40.89419937133789,-77.19709777832031,GEOMETRIC_CENTER
374,403,43.53229904174805,-90.00990295410156,ROOFTOP
375,404,32.697601318359375,-117.1729965209961,RANGE_INTERPOLATED
376,405,41.5369987487793,-71.27960205078125,RANGE_INTERPOLATED
377,406,53.88460159301758,-1.2652000188827515,APPROXIMATE
378,407,41.58549880981445,-93.62100219726562,ROOFTOP
379,408,44.088600158691406,-87.65760040283203,ROOFTOP
380,409,40.27949905395508,-75.21430206298828,RANGE_INTERPOLATED
381,410,40.43130111694336,-104.68800354003906,RANGE_INTERPOLATED
382,411,34.16960144042969,-118.15899658203125,ROOFTOP
383,412,40.80690002441406,-96.68170166015625,APPROXIMATE
384,413,29.955799102783203,-90.06410217285156,ROOFTOP
385,414,38.86980056762695,-106.98699951171875,RANGE_INTERPOLATED
386,415,40.87260055541992,-74.29640197753906,ROOFTOP
387,416,41.4995002746582,-81.69539642333984,APPROXIMATE
388,417,40.693599700927734,-89.58899688720703,APPROXIMATE
389,418,54.29119873046875,-0.8406000137329102,APPROXIMATE
390,419,43.11470031738281,-89.6530990600586,ROOFTOP
391,420,31.72909927368164,-116.5780029296875,GEOMETRIC_CENTER
392,421,41.85390090942383,-88.27760314941406,RANGE_INTERPOLATED
393,422,38.230899810791016,-85.70549774169922,ROOFTOP
394,423,43.70759963989258,-70.31490325927734,RANGE_INTERPOLATED
395,424,50.605899810791016,3.388400077819824,APPROXIMATE
396,425,53.999900817871094,-1.5010000467300415,GEOMETRIC_CENTER
397,426,42.266700744628906,-84.96410369873047,RANGE_INTERPOLATED
398,427,29.89940071105957,-90.10040283203125,APPROXIMATE
399,428,51.442100524902344,4.9232001304626465,RANGE_INTERPOLATED
400,429,53.06060028076172,5.534200191497803,RANGE_INTERPOLATED
401,430,51.202598571777344,3.2242000102996826,RANGE_INTERPOLATED
402,431,51.08110046386719,3.3698999881744385,RANGE_INTERPOLATED
403,432,51.11589813232422,3.8157999515533447,RANGE_INTERPOLATED
404,433,50.92290115356445,2.751800060272217,GEOMETRIC_CENTER
405,434,39.55839920043945,-79.35279846191406,APPROXIMATE
406,435,39.290401458740234,-76.61219787597656,APPROXIMATE
407,436,32.715301513671875,-117.15699768066406,APPROXIMATE
408,437,43.048099517822266,-88.35530090332031,ROOFTOP
409,438,38.23619842529297,-122.63999938964844,RANGE_INTERPOLATED
410,439,44.347801208496094,-87.82730102539062,APPROXIMATE
411,440,39.75529861450195,-104.99700164794922,ROOFTOP
412,441,44.047401428222656,-121.322998046875,ROOFTOP
413,442,33.985801696777344,-96.65149688720703,GEOMETRIC_CENTER
414,443,39.13610076904297,-84.50309753417969,APPROXIMATE
415,444,34.74729919433594,-92.28389739990234,ROOFTOP
416,445,47.94850158691406,-122.30500030517578,ROOFTOP
417,446,41.4995002746582,-81.69539642333984,APPROXIMATE
418,447,46.77130126953125,-123.00700378417969,ROOFTOP
419,448,51.53310012817383,6.421299934387207,ROOFTOP
420,449,45.52280044555664,-73.5927963256836,ROOFTOP
421,450,39.62820053100586,-106.05899810791016,GEOMETRIC_CENTER
422,452,38.54050064086914,-90.46070098876953,ROOFTOP
423,453,49.2765998840332,-123.11499786376953,RANGE_INTERPOLATED
424,454,29.960599899291992,-90.08709716796875,ROOFTOP
425,455,39.75410079956055,-105.0,APPROXIMATE
426,456,39.94779968261719,-75.222900390625,ROOFTOP
427,457,49.269798278808594,-123.13200378417969,RANGE_INTERPOLATED
428,459,38.7682991027832,-75.31069946289062,GEOMETRIC_CENTER
429,460,51.52980041503906,7.469200134277344,ROOFTOP
430,461,39.80189895629883,-105.51399993896484,APPROXIMATE
431,462,45.709999084472656,-121.51499938964844,ROOFTOP
432,463,42.49300003051758,-82.97530364990234,RANGE_INTERPOLATED
433,464,37.71760177612305,-122.18199920654297,ROOFTOP
434,465,47.49209976196289,19.142200469970703,RANGE_INTERPOLATED
435,466,35.08449935913086,-106.6510009765625,APPROXIMATE
436,467,53.34410095214844,-6.267499923706055,APPROXIMATE
437,468,42.5005989074707,-90.66459655761719,APPROXIMATE
438,469,35.60029983520508,-77.59709930419922,ROOFTOP
439,470,39.28070068359375,-76.59439849853516,ROOFTOP
440,471,28.013999938964844,-82.78759765625,ROOFTOP
441,472,41.70750045776367,-86.8949966430664,APPROXIMATE
442,281,51.22060012817383,4.399700164794922,APPROXIMATE
443,474,-45.03310012817383,168.66099548339844,ROOFTOP
444,401,47.94540023803711,-122.30400085449219,RANGE_INTERPOLATED
445,476,40.455299377441406,-79.904296875,ROOFTOP
446,477,38.78139877319336,-76.22219848632812,RANGE_INTERPOLATED
447,478,38.5724983215332,-109.5510025024414,RANGE_INTERPOLATED
448,480,49.92110061645508,9.071499824523926,APPROXIMATE
449,481,40.57929992675781,-124.15299987792969,ROOFTOP
450,482,55.75579833984375,37.61759948730469,APPROXIMATE
451,483,44.44889831542969,-88.0604019165039,APPROXIMATE
452,484,51.816200256347656,9.864299774169922,ROOFTOP
453,485,37.97800064086914,-122.03399658203125,ROOFTOP
454,487,37.15530014038086,-121.6760025024414,RANGE_INTERPOLATED
455,489,52.66429901123047,0.15950000286102295,APPROXIMATE
456,490,40.8911018371582,-77.47699737548828,ROOFTOP
457,491,38.4093017578125,-121.36299896240234,ROOFTOP
458,492,47.809898376464844,-122.302001953125,ROOFTOP
459,493,39.26839828491211,-76.79940032958984,ROOFTOP
460,494,47.56039810180664,-122.38700103759766,ROOFTOP
461,495,42.93239974975586,-72.28669738769531,RANGE_INTERPOLATED
462,496,47.61399841308594,-122.31600189208984,ROOFTOP
463,497,47.668800354003906,-122.33399963378906,ROOFTOP
464,498,-45.87200164794922,170.51800537109375,ROOFTOP
465,499,37.831298828125,-122.28500366210938,APPROXIMATE
466,500,42.09809875488281,-88.2782974243164,RANGE_INTERPOLATED
467,501,40.81549835205078,-96.71050262451172,ROOFTOP
468,502,43.532501220703125,-90.00260162353516,APPROXIMATE
469,504,47.25600051879883,-122.4729995727539,ROOFTOP
470,505,36.680198669433594,-121.80400085449219,ROOFTOP
471,506,-36.94889831542969,174.8209991455078,APPROXIMATE
472,507,42.11119842529297,-80.11299896240234,ROOFTOP
473,508,43.11470031738281,-89.6530990600586,ROOFTOP
474,509,40.37070083618164,-105.5260009765625,ROOFTOP
475,510,41.45589828491211,-122.84600067138672,RANGE_INTERPOLATED
476,511,47.569000244140625,11.094200134277344,ROOFTOP
477,512,43.10449981689453,-75.24520111083984,ROOFTOP
479,513,47.670101165771484,-122.11799621582031,APPROXIMATE
480,514,43.08440017700195,-89.4760971069336,RANGE_INTERPOLATED
481,515,37.387001037597656,-121.99299621582031,RANGE_INTERPOLATED
482,516,37.885501861572266,-122.03299713134766,APPROXIMATE
483,517,54.95479965209961,-1.6576000452041626,GEOMETRIC_CENTER
485,519,51.698699951171875,-4.145599842071533,GEOMETRIC_CENTER
486,520,39.321998596191406,-120.16300201416016,ROOFTOP
487,521,41.01169967651367,-95.22720336914062,APPROXIMATE
488,522,44.081199645996094,-103.22699737548828,RANGE_INTERPOLATED
489,523,37.377498626708984,-122.02999877929688,RANGE_INTERPOLATED
490,524,35.595298767089844,-120.69400024414062,ROOFTOP
491,525,34.22570037841797,-77.9447021484375,APPROXIMATE
492,526,47.043701171875,-122.89700317382812,ROOFTOP
493,527,46.792598724365234,-92.09089660644531,RANGE_INTERPOLATED
494,528,41.66109848022461,-91.53019714355469,APPROXIMATE
495,529,35.19729995727539,-111.64800262451172,ROOFTOP
496,530,38.95000076293945,-92.3322982788086,ROOFTOP
497,531,44.90840148925781,-93.15380096435547,RANGE_INTERPOLATED
498,532,42.20309829711914,-87.9301986694336,GEOMETRIC_CENTER
499,534,54.77899932861328,9.435500144958496,ROOFTOP
500,535,28.07069969177246,-80.6011962890625,ROOFTOP
501,536,41.54330062866211,-87.67890167236328,RANGE_INTERPOLATED
502,537,43.1609992980957,-77.61090087890625,APPROXIMATE
503,538,48.299198150634766,-122.6520004272461,RANGE_INTERPOLATED
504,539,42.95610046386719,-78.89659881591797,ROOFTOP
505,540,39.758201599121094,-104.98999786376953,ROOFTOP
506,541,39.91210174560547,-74.97010040283203,ROOFTOP
507,542,50.681800842285156,4.954699993133545,APPROXIMATE
508,543,36.0973014831543,-80.25090026855469,ROOFTOP
509,544,38.977298736572266,-76.49479675292969,ROOFTOP
510,545,40.58319854736328,-105.04199981689453,ROOFTOP
511,548,38.8047981262207,-77.0468978881836,APPROXIMATE
512,549,42.958499908447266,-85.67350006103516,ROOFTOP
513,550,41.80889892578125,-88.01119995117188,APPROXIMATE
514,551,33.41939926147461,-111.91600036621094,ROOFTOP
515,552,44.03419876098633,-88.56079864501953,RANGE_INTERPOLATED
516,553,44.267799377441406,-88.47309875488281,RANGE_INTERPOLATED
517,554,41.499000549316406,-72.90070343017578,APPROXIMATE
518,555,39.36280059814453,-77.42649841308594,ROOFTOP
519,556,38.9718017578125,-95.23570251464844,ROOFTOP
520,557,51.83250045776367,-2.5116000175476074,GEOMETRIC_CENTER
521,558,53.57550048828125,7.901599884033203,ROOFTOP
522,559,41.520198822021484,-90.57250213623047,RANGE_INTERPOLATED
523,560,41.54029846191406,-82.7354965209961,APPROXIMATE
524,561,49.01559829711914,12.091300010681152,ROOFTOP
525,562,45.71030044555664,-121.51499938964844,RANGE_INTERPOLATED
526,563,51.487701416015625,-0.24979999661445618,GEOMETRIC_CENTER
527,565,43.80139923095703,-91.2396011352539,APPROXIMATE
528,566,40.746498107910156,-74.2593994140625,ROOFTOP
529,567,51.339698791503906,12.371399879455566,APPROXIMATE
530,568,47.60639953613281,9.606100082397461,ROOFTOP
531,569,47.5171012878418,9.430000305175781,ROOFTOP
532,570,51.22489929199219,6.775700092315674,APPROXIMATE
533,571,53.16910171508789,0.31690001487731934,GEOMETRIC_CENTER
534,572,50.79890060424805,-1.0911999940872192,APPROXIMATE
535,573,52.354400634765625,9.753199577331543,ROOFTOP
536,574,46.518001556396484,-95.3760986328125,APPROXIMATE
537,575,61.217899322509766,-149.89599609375,ROOFTOP
538,576,41.877498626708984,-88.06700134277344,APPROXIMATE
539,577,39.54759979248047,-107.322998046875,ROOFTOP
540,578,-27.853900909423828,153.35899353027344,APPROXIMATE
541,579,43.46760177612305,-80.52310180664062,RANGE_INTERPOLATED
542,580,39.754600524902344,-105.2239990234375,ROOFTOP
543,581,37.774898529052734,-122.41899871826172,APPROXIMATE
544,582,37.87160110473633,-122.27300262451172,APPROXIMATE
545,583,41.92729949951172,-87.68070220947266,RANGE_INTERPOLATED
546,584,45.21039962768555,-123.18900299072266,ROOFTOP
547,585,41.913700103759766,-87.654296875,ROOFTOP
548,586,41.88710021972656,-87.6720962524414,ROOFTOP
549,587,26.074499130249023,-80.18060302734375,ROOFTOP
550,588,37.35260009765625,-121.89299774169922,RANGE_INTERPOLATED
551,589,39.644100189208984,-106.59600067138672,ROOFTOP
552,590,41.429500579833984,-97.36229705810547,ROOFTOP
553,591,42.17789840698242,-88.33769989013672,ROOFTOP
554,592,40.251800537109375,-105.81999969482422,RANGE_INTERPOLATED
555,593,43.49879837036133,-110.87699890136719,ROOFTOP
556,594,43.5984001159668,-111.10800170898438,RANGE_INTERPOLATED
557,595,41.2672004699707,-96.07140350341797,RANGE_INTERPOLATED
558,596,45.549800872802734,-94.20670318603516,RANGE_INTERPOLATED
559,597,49.894500732421875,-119.48799896240234,RANGE_INTERPOLATED
560,598,49.27050018310547,-123.13600158691406,RANGE_INTERPOLATED
561,599,42.679298400878906,-89.04979705810547,RANGE_INTERPOLATED
562,600,39.5349006652832,-119.75399780273438,RANGE_INTERPOLATED
563,601,61.581600189208984,-149.43899536132812,RANGE_INTERPOLATED
564,602,43.074501037597656,-89.38020324707031,ROOFTOP
565,603,43.0177001953125,-89.42320251464844,ROOFTOP
566,604,39.75389862060547,-104.98899841308594,ROOFTOP
567,605,41.48440170288086,-81.7042007446289,RANGE_INTERPOLATED
568,606,39.60419845581055,-105.947998046875,APPROXIMATE
569,607,44.94670104980469,-93.09700012207031,ROOFTOP
570,608,44.51890182495117,-88.01959991455078,ROOFTOP
571,609,33.13600158691406,-117.2249984741211,ROOFTOP
572,610,44.93980026245117,-93.15679931640625,RANGE_INTERPOLATED
573,611,44.034400939941406,-73.17350006103516,ROOFTOP
574,612,52.24100112915039,0.7156999707221985,GEOMETRIC_CENTER
575,613,35.772098541259766,-78.63860321044922,APPROXIMATE
576,614,38.23820114135742,-122.04000091552734,APPROXIMATE
577,615,42.28049850463867,-83.7490005493164,RANGE_INTERPOLATED
578,616,52.208099365234375,6.816299915313721,GEOMETRIC_CENTER
579,617,43.00809860229492,-89.73829650878906,ROOFTOP
580,618,19.427000045776367,-99.12760162353516,APPROXIMATE
581,619,50.8109016418457,5.921299934387207,RANGE_INTERPOLATED
582,620,52.37950134277344,4.637700080871582,APPROXIMATE
583,621,48.13909912109375,11.5802001953125,APPROXIMATE
584,622,45.4901008605957,-122.64299774169922,RANGE_INTERPOLATED
585,623,47.65919876098633,-122.36599731445312,ROOFTOP
586,624,37.490299224853516,-122.43499755859375,APPROXIMATE
587,625,35.608299255371094,-77.37319946289062,ROOFTOP
588,626,54.174400329589844,-1.4844000339508057,GEOMETRIC_CENTER
589,627,50.98889923095703,-1.498900055885315,APPROXIMATE
590,628,51.19129943847656,6.4421000480651855,APPROXIMATE
591,629,60.294498443603516,5.259200096130371,RANGE_INTERPOLATED
592,630,50.729000091552734,4.297100067138672,RANGE_INTERPOLATED
593,631,20.759199142456055,-156.45700073242188,APPROXIMATE
594,632,43.38710021972656,-87.87950134277344,RANGE_INTERPOLATED
595,633,47.24359893798828,-122.43699645996094,ROOFTOP
596,634,42.346500396728516,-71.03379821777344,ROOFTOP
597,635,43.51300048828125,-72.40149688720703,ROOFTOP
598,636,40.49620056152344,-74.44409942626953,RANGE_INTERPOLATED
599,637,50.87419891357422,0.016699999570846558,RANGE_INTERPOLATED
600,638,56.153099060058594,-3.800600051879883,APPROXIMATE
601,639,51.84389877319336,10.753299713134766,ROOFTOP
602,640,51.22610092163086,6.774499893188477,ROOFTOP
603,641,43.21649932861328,-123.34200286865234,APPROXIMATE
604,642,40.58530044555664,-105.08399963378906,APPROXIMATE
605,643,40.7322998046875,-73.98739624023438,APPROXIMATE
606,644,39.739200592041016,-104.98500061035156,APPROXIMATE
607,645,39.965301513671875,-74.31179809570312,APPROXIMATE
609,649,47.5077018737793,8.730199813842773,ROOFTOP
610,650,49.891998291015625,10.885299682617188,ROOFTOP
611,651,45.74580001831055,-87.05599975585938,RANGE_INTERPOLATED
612,652,44.95180130004883,-89.66570281982422,RANGE_INTERPOLATED
613,653,44.949100494384766,-93.28849792480469,ROOFTOP
614,655,32.309600830078125,-106.79299926757812,ROOFTOP
615,656,43.16460037231445,-77.6155014038086,ROOFTOP
616,657,41.0015983581543,-74.34030151367188,RANGE_INTERPOLATED
617,658,35.57160186767578,-82.49909973144531,RANGE_INTERPOLATED
618,659,47.51319885253906,10.279000282287598,ROOFTOP
619,660,37.56650161743164,126.97799682617188,APPROXIMATE
620,661,50.394901275634766,9.77239990234375,ROOFTOP
621,662,49.01250076293945,8.426400184631348,ROOFTOP
622,663,47.69419860839844,13.078399658203125,ROOFTOP
623,664,47.86909866333008,12.650500297546387,ROOFTOP
624,665,32.96179962158203,-96.8292007446289,APPROXIMATE
625,666,32.803001403808594,-96.7698974609375,APPROXIMATE
626,667,49.167198181152344,12.639900207519531,RANGE_INTERPOLATED
627,668,53.56209945678711,9.945099830627441,ROOFTOP
628,669,38.9911003112793,-77.02369689941406,ROOFTOP
629,670,51.99660110473633,-1.4922000169754028,GEOMETRIC_CENTER
630,672,40.621498107910156,-111.86599731445312,ROOFTOP
631,673,41.02470016479492,-81.46759796142578,ROOFTOP
632,674,38.55509948730469,-121.43000030517578,ROOFTOP
633,675,39.71870040893555,-104.94999694824219,ROOFTOP
634,676,43.7593994140625,-87.7228012084961,ROOFTOP
635,677,37.676998138427734,-121.89800262451172,ROOFTOP
636,678,45.49689865112305,-122.63500213623047,ROOFTOP
637,679,37.634498596191406,-120.98200225830078,ROOFTOP
638,680,42.26259994506836,-71.80229949951172,APPROXIMATE
639,681,51.26150131225586,9.449399948120117,GEOMETRIC_CENTER
640,682,39.64030075073242,-106.3740005493164,APPROXIMATE
641,683,39.265098571777344,-84.37989807128906,RANGE_INTERPOLATED
642,684,-33.217498779296875,151.42599487304688,GEOMETRIC_CENTER
643,685,51.202598571777344,3.2242000102996826,RANGE_INTERPOLATED
644,686,40.869998931884766,-124.08699798583984,RANGE_INTERPOLATED
645,687,51.10070037841797,3.6933999061584473,RANGE_INTERPOLATED
646,688,43.46659851074219,-112.03399658203125,APPROXIMATE
647,689,40.47869873046875,-88.99459838867188,RANGE_INTERPOLATED
648,690,50.88650131225586,4.706900119781494,RANGE_INTERPOLATED
649,691,39.952598571777344,-75.1594009399414,ROOFTOP
650,692,30.21310043334961,-97.73580169677734,ROOFTOP
651,693,35.66749954223633,-117.8740005493164,ROOFTOP
652,694,13.699799537658691,-89.18319702148438,GEOMETRIC_CENTER
653,696,56.41740036010742,-3.4779000282287598,GEOMETRIC_CENTER
654,697,53.48630142211914,-6.168000221252441,APPROXIMATE
655,698,40.46099853515625,-79.96530151367188,ROOFTOP
656,699,39.68339920043945,-75.74669647216797,ROOFTOP
657,700,39.744998931884766,-75.55609893798828,RANGE_INTERPOLATED
658,701,37.986000061035156,-122.58399963378906,ROOFTOP
659,598,34.395999908447266,-119.52100372314453,RANGE_INTERPOLATED
660,703,56.490699768066406,-4.202600002288818,APPROXIMATE
661,704,47.529998779296875,-122.03700256347656,ROOFTOP
662,705,42.41450119018555,-76.53150177001953,RANGE_INTERPOLATED
663,706,38.75630187988281,-120.67900085449219,ROOFTOP
664,707,37.54410171508789,-121.98799896240234,ROOFTOP
665,708,44.94490051269531,-91.39679718017578,RANGE_INTERPOLATED
666,709,41.2327995300293,-96.0824966430664,RANGE_INTERPOLATED
667,710,45.00389862060547,-93.25019836425781,ROOFTOP
668,711,39.37220001220703,-104.85600280761719,APPROXIMATE
669,712,46.50149917602539,-87.67900085449219,RANGE_INTERPOLATED
670,713,54.66490173339844,-3.3633999824523926,APPROXIMATE
671,714,53.57569885253906,7.900300025939941,APPROXIMATE
672,715,37.56650161743164,126.97799682617188,APPROXIMATE
673,716,40.554901123046875,-74.277099609375,RANGE_INTERPOLATED
674,717,41.25400161743164,-95.99929809570312,APPROXIMATE
675,718,40.17070007324219,-76.38379669189453,RANGE_INTERPOLATED
676,719,42.3036994934082,-71.39659881591797,ROOFTOP
677,720,42.372398376464844,-71.11930084228516,ROOFTOP
678,721,39.74580001831055,-75.54669952392578,APPROXIMATE
679,722,50.729801177978516,4.507999897003174,GEOMETRIC_CENTER
680,723,42.337501525878906,-83.8895034790039,ROOFTOP
681,724,39.95289993286133,-74.20099639892578,APPROXIMATE
682,725,43.05189895629883,-89.47370147705078,RANGE_INTERPOLATED
683,726,33.95330047607422,-117.39600372314453,APPROXIMATE
684,727,53.54119873046875,-2.1733999252319336,APPROXIMATE
685,728,49.628299713134766,11.549799919128418,ROOFTOP
686,729,49.904300689697266,10.852399826049805,ROOFTOP
687,730,42.294898986816406,-85.57879638671875,ROOFTOP
688,731,32.89690017700195,-117.20099639892578,ROOFTOP
689,732,45.495601654052734,15.533100128173828,GEOMETRIC_CENTER
690,733,49.89039993286133,10.905599594116211,ROOFTOP
691,734,44.52360153198242,-89.57460021972656,APPROXIMATE
692,736,38.44049835205078,-122.71399688720703,APPROXIMATE
693,737,38.031700134277344,-84.49510192871094,APPROXIMATE
694,738,-1.2833000421524048,36.81669998168945,APPROXIMATE
695,739,46.59579849243164,-112.0270004272461,APPROXIMATE
696,740,51.06380081176758,-0.3269999921321869,APPROXIMATE
697,743,50.9193000793457,3.966599941253662,RANGE_INTERPOLATED
698,744,52.090999603271484,14.650899887084961,ROOFTOP
699,745,49.014400482177734,12.074999809265137,ROOFTOP
700,746,49.88909912109375,10.88700008392334,ROOFTOP
701,747,51.53139877319336,6.741799831390381,ROOFTOP
702,748,48.18259811401367,11.25220012664795,ROOFTOP
703,749,50.32160186767578,7.58620023727417,ROOFTOP
704,750,47.92620086669922,9.42039966583252,ROOFTOP
705,751,19.642000198364258,-155.99600219726562,RANGE_INTERPOLATED
707,754,41.03229904174805,-74.64070129394531,GEOMETRIC_CENTER
708,755,44.56169891357422,-72.59839630126953,APPROXIMATE
709,756,42.527801513671875,-83.04720306396484,RANGE_INTERPOLATED
710,757,50.10599899291992,11.444199562072754,ROOFTOP
711,758,50.10770034790039,11.45300006866455,APPROXIMATE
712,759,32.84090042114258,-117.27400207519531,ROOFTOP
713,760,33.85749816894531,-117.8759994506836,APPROXIMATE
714,761,44.6598014831543,-63.599700927734375,RANGE_INTERPOLATED
715,762,42.97779846191406,-81.24669647216797,RANGE_INTERPOLATED
716,763,48.391700744628906,-122.49500274658203,ROOFTOP
717,764,40.41939926147461,-86.88999938964844,ROOFTOP
718,765,38.27239990234375,-122.66200256347656,ROOFTOP
719,766,43.17060089111328,-89.93240356445312,RANGE_INTERPOLATED
720,767,44.282901763916016,-73.9813003540039,ROOFTOP
721,768,46.76110076904297,-92.13189697265625,RANGE_INTERPOLATED
722,769,43.0546989440918,-87.9052963256836,ROOFTOP
723,771,40.043800354003906,-76.29840087890625,ROOFTOP
724,772,54.822898864746094,-1.7457000017166138,APPROXIMATE
725,773,48.013999938964844,-115.01100158691406,RANGE_INTERPOLATED
726,774,40.32120132446289,-79.37950134277344,APPROXIMATE
727,775,48.30030059814453,-116.53800201416016,ROOFTOP
728,776,30.376399993896484,-89.44969940185547,ROOFTOP
729,777,45.51810073852539,-73.56420135498047,RANGE_INTERPOLATED
730,778,33.457698822021484,-117.58899688720703,ROOFTOP
731,779,40.15869903564453,-105.11299896240234,RANGE_INTERPOLATED
732,780,40.325599670410156,-75.92829895019531,RANGE_INTERPOLATED
733,781,44.55339813232422,-88.09770202636719,ROOFTOP
734,782,33.44839859008789,-112.0739974975586,APPROXIMATE
735,783,46.59769821166992,-112.03700256347656,ROOFTOP
736,784,33.71870040893555,-78.88310241699219,RANGE_INTERPOLATED
737,785,50.52080154418945,8.81659984588623,APPROXIMATE
738,786,50.964900970458984,3.421999931335449,RANGE_INTERPOLATED
739,787,45.05649948120117,-92.82219696044922,APPROXIMATE
740,788,48.43579864501953,-123.39600372314453,RANGE_INTERPOLATED
741,789,45.77859878540039,-111.17900085449219,APPROXIMATE
742,790,-39.627498626708984,176.85400390625,ROOFTOP
743,791,38.754798889160156,-9.188300132751465,APPROXIMATE
744,792,41.255699157714844,-75.8582992553711,RANGE_INTERPOLATED
745,793,-33.86869812011719,151.2169952392578,APPROXIMATE
746,794,39.145599365234375,-84.4740982055664,ROOFTOP
747,795,39.18360137939453,-96.57170104980469,APPROXIMATE
748,796,-32.05970001220703,115.74500274658203,ROOFTOP
749,797,30.254100799560547,-97.70549774169922,ROOFTOP
750,798,45.917198181152344,-89.24430084228516,APPROXIMATE
751,799,49.620601654052734,14.383700370788574,APPROXIMATE
752,800,44.851600646972656,-90.31649780273438,APPROXIMATE
753,801,43.588199615478516,-72.65630340576172,APPROXIMATE
754,802,40.7843017578125,-74.77999877929688,RANGE_INTERPOLATED
755,803,40.803199768066406,-124.16500091552734,ROOFTOP
756,805,43.73789978027344,-79.57140350341797,APPROXIMATE
757,806,47.364200592041016,8.524499893188477,ROOFTOP
758,807,56.1072998046875,-3.7527999877929688,APPROXIMATE
759,808,41.06769943237305,-85.15239715576172,RANGE_INTERPOLATED
760,809,41.31449890136719,-81.83570098876953,APPROXIMATE
761,810,40.87900161743164,-123.99299621582031,ROOFTOP
762,811,40.87860107421875,-123.99199676513672,RANGE_INTERPOLATED
763,812,44.42839813232422,-73.21309661865234,ROOFTOP
764,813,37.770198822021484,-122.44499969482422,RANGE_INTERPOLATED
765,814,45.500099182128906,-122.43099975585938,RANGE_INTERPOLATED
766,815,37.542999267578125,-77.46910095214844,APPROXIMATE
767,816,33.88349914550781,-117.56500244140625,RANGE_INTERPOLATED
768,817,32.803001403808594,-96.7698974609375,APPROXIMATE
769,818,36.175498962402344,-115.1449966430664,ROOFTOP
770,819,49.892799377441406,10.913100242614746,ROOFTOP
771,820,-33.88669967651367,151.1739959716797,RANGE_INTERPOLATED
772,821,43.21670150756836,-87.92400360107422,RANGE_INTERPOLATED
773,822,37.648399353027344,-118.98300170898438,RANGE_INTERPOLATED
774,823,40.02360153198242,-75.22019958496094,ROOFTOP
775,824,33.8843994140625,-118.41100311279297,ROOFTOP
776,825,35.09280014038086,-106.64700317382812,ROOFTOP
777,826,30.3617000579834,-81.69660186767578,APPROXIMATE
778,827,37.947898864746094,-122.51100158691406,RANGE_INTERPOLATED
779,828,49.205501556396484,-122.97799682617188,RANGE_INTERPOLATED
780,829,47.663700103759766,-122.37699890136719,ROOFTOP
781,830,46.54309844970703,-87.39289855957031,RANGE_INTERPOLATED
782,831,36.152000427246094,-95.9646987915039,RANGE_INTERPOLATED
783,832,51.317501068115234,9.479299545288086,ROOFTOP
784,833,40.42340087890625,-78.43389892578125,APPROXIMATE
785,834,35.070701599121094,-78.95449829101562,RANGE_INTERPOLATED
786,835,-32.02320098876953,115.75399780273438,ROOFTOP
787,836,20.97209930419922,-156.677001953125,ROOFTOP
788,837,41.6431999206543,-83.53839874267578,ROOFTOP
789,838,40.19889831542969,-98.06729888916016,RANGE_INTERPOLATED
790,839,39.05339813232422,-94.59190368652344,RANGE_INTERPOLATED
791,840,30.418100357055664,-87.20240020751953,ROOFTOP
792,841,39.86579895019531,-75.54419708251953,RANGE_INTERPOLATED
793,842,47.87739944458008,-122.21099853515625,RANGE_INTERPOLATED
794,843,51.79750061035156,-0.08060000091791153,RANGE_INTERPOLATED
795,844,51.489898681640625,0.03799999877810478,RANGE_INTERPOLATED
796,845,47.63079833984375,9.888899803161621,ROOFTOP
797,846,19.70599937438965,-155.06900024414062,ROOFTOP
798,847,38.9734001159668,-123.11599731445312,RANGE_INTERPOLATED
799,848,43.083099365234375,-73.78459930419922,APPROXIMATE
800,849,39.132598876953125,-123.20099639892578,RANGE_INTERPOLATED
801,850,42.67279815673828,-70.84400177001953,ROOFTOP
802,851,41.974998474121094,-87.67400360107422,ROOFTOP
803,852,42.22489929199219,-121.78199768066406,APPROXIMATE
804,853,42.661598205566406,-84.1946029663086,ROOFTOP
805,854,42.287200927734375,-87.95379638671875,ROOFTOP
806,855,43.03889846801758,-87.90650177001953,APPROXIMATE
807,856,51.10279846191406,4.726900100708008,RANGE_INTERPOLATED
808,857,43.05080032348633,-76.16169738769531,ROOFTOP
809,858,61.147300720214844,-149.843994140625,ROOFTOP
810,860,35.29999923706055,-106.5510025024414,APPROXIMATE
811,861,46.069698333740234,-118.33599853515625,RANGE_INTERPOLATED
812,862,39.61199951171875,-105.01899719238281,ROOFTOP
813,863,43.044498443603516,-87.96260070800781,ROOFTOP
814,864,42.08549880981445,-88.14109802246094,RANGE_INTERPOLATED
815,865,41.79719924926758,-91.86519622802734,RANGE_INTERPOLATED
816,866,42.99449920654297,-71.46739959716797,ROOFTOP
817,867,43.03340148925781,-87.9093017578125,ROOFTOP
818,868,42.600101470947266,-89.64219665527344,RANGE_INTERPOLATED
819,869,44.973201751708984,-93.2479019165039,ROOFTOP
820,870,44.94419860839844,-93.08609771728516,APPROXIMATE
821,871,45.87220001220703,-89.70970153808594,RANGE_INTERPOLATED
822,872,41.69309997558594,-86.18180084228516,RANGE_INTERPOLATED
823,873,49.132301330566406,-122.34300231933594,RANGE_INTERPOLATED
824,874,40.6870002746582,-73.70800018310547,GEOMETRIC_CENTER
825,875,38.56570053100586,-109.55000305175781,RANGE_INTERPOLATED
826,876,35.215599060058594,-111.58999633789062,RANGE_INTERPOLATED
827,877,47.41230010986328,9.74429988861084,ROOFTOP
828,878,43.67060089111328,-79.38240051269531,ROOFTOP
829,879,45.78219985961914,-108.50599670410156,RANGE_INTERPOLATED
830,880,36.12860107421875,-115.1709976196289,APPROXIMATE
831,881,-42.45050048828125,171.20700073242188,GEOMETRIC_CENTER
832,882,32.08100128173828,-81.09149932861328,RANGE_INTERPOLATED
833,883,38.49800109863281,-122.77999877929688,APPROXIMATE
834,884,53.786399841308594,-2.269399881362915,RANGE_INTERPOLATED
835,885,61.19020080566406,-149.86900329589844,ROOFTOP
836,886,45.25669860839844,-66.09600067138672,RANGE_INTERPOLATED
837,887,45.2578010559082,-66.09839630126953,RANGE_INTERPOLATED
838,888,43.5906982421875,-89.79389953613281,RANGE_INTERPOLATED
839,889,55.016700744628906,-1.4924999475479126,GEOMETRIC_CENTER
840,890,51.670101165771484,-1.284999966621399,APPROXIMATE
841,891,40.01900100708008,-105.2750015258789,ROOFTOP
842,892,38.09410095214844,-122.55699920654297,ROOFTOP
843,893,38.107398986816406,-122.56999969482422,APPROXIMATE
844,894,34.46860122680664,-114.34100341796875,ROOFTOP
845,895,40.58430099487305,-98.39119720458984,RANGE_INTERPOLATED
846,896,-40.76580047607422,172.7050018310547,GEOMETRIC_CENTER
847,897,16.77790069580078,96.16790008544922,GEOMETRIC_CENTER
848,899,40.39780044555664,-105.07499694824219,APPROXIMATE
849,900,-22.558900833129883,17.082500457763672,APPROXIMATE
850,901,41.1338996887207,-96.03070068359375,RANGE_INTERPOLATED
851,902,49.488399505615234,-117.29000091552734,RANGE_INTERPOLATED
852,903,52.08100128173828,0.6559000015258789,GEOMETRIC_CENTER
853,904,38.32809829711914,-85.81710052490234,ROOFTOP
854,905,40.592899322509766,-105.06999969482422,RANGE_INTERPOLATED
855,906,42.358699798583984,-71.05740356445312,APPROXIMATE
856,907,42.817100524902344,-89.63059997558594,ROOFTOP
857,908,42.790000915527344,-86.1041030883789,ROOFTOP
858,909,33.90890121459961,-84.30560302734375,RANGE_INTERPOLATED
859,910,40.185699462890625,-75.45159912109375,APPROXIMATE
860,912,43.089298248291016,-79.11000061035156,RANGE_INTERPOLATED
861,913,45.92219924926758,-88.25180053710938,APPROXIMATE
862,915,44.05690002441406,-123.11000061035156,ROOFTOP
863,916,39.950199127197266,-75.1666030883789,ROOFTOP
864,917,45.52349853515625,-122.6760025024414,APPROXIMATE
865,918,58.536598205566406,15.037300109863281,APPROXIMATE
866,919,39.44660186767578,-123.80599975585938,ROOFTOP
867,920,41.06380081176758,-80.05560302734375,ROOFTOP
868,921,47.68149948120117,-122.20899963378906,APPROXIMATE
869,922,44.7775993347168,-91.44329833984375,RANGE_INTERPOLATED
870,924,38.80580139160156,-90.7531967163086,ROOFTOP
871,925,44.94580078125,-93.16699981689453,RANGE_INTERPOLATED
872,926,42.088401794433594,-87.98059844970703,APPROXIMATE
873,928,45.55390167236328,-94.17030334472656,APPROXIMATE
874,929,34.8661003112793,-111.7959976196289,RANGE_INTERPOLATED
875,930,39.6150016784668,-86.09010314941406,RANGE_INTERPOLATED
876,931,52.575801849365234,-0.24799999594688416,RANGE_INTERPOLATED
877,932,40.01499938964844,-105.27100372314453,APPROXIMATE
878,933,40.01499938964844,-105.27100372314453,APPROXIMATE
879,934,43.111698150634766,-88.49929809570312,APPROXIMATE
880,935,40.58940124511719,-105.06300354003906,ROOFTOP
881,936,33.20289993286133,-117.25499725341797,RANGE_INTERPOLATED
882,937,41.18280029296875,-80.7654037475586,APPROXIMATE
883,938,50.26129913330078,-119.2770004272461,RANGE_INTERPOLATED
884,939,30.27669906616211,-97.74629974365234,ROOFTOP
885,940,39.15399932861328,-75.4884033203125,RANGE_INTERPOLATED
886,941,42.1682014465332,-85.84970092773438,RANGE_INTERPOLATED
887,942,42.02479934692383,-93.61470031738281,ROOFTOP
888,943,42.29359817504883,-85.57779693603516,GEOMETRIC_CENTER
889,944,39.04719924926758,-84.55989837646484,APPROXIMATE
890,945,32.715301513671875,-117.15699768066406,APPROXIMATE
891,946,42.186500549316406,-88.18350219726562,ROOFTOP
892,947,43.03889846801758,-87.90650177001953,APPROXIMATE
893,948,48.75960159301758,-122.48799896240234,APPROXIMATE
894,949,44.63650131225586,-123.10600280761719,APPROXIMATE
895,950,44.56129837036133,-123.26100158691406,ROOFTOP
896,952,40.35319900512695,-74.07469940185547,ROOFTOP
897,953,59.069698333740234,-3.313499927520752,APPROXIMATE
898,954,28.526500701904297,-81.38269805908203,ROOFTOP
899,955,44.42839813232422,-73.21309661865234,ROOFTOP
900,956,40.22460174560547,-105.26799774169922,RANGE_INTERPOLATED
901,957,55.75579833984375,37.61759948730469,APPROXIMATE
902,958,48.21329879760742,16.322900772094727,ROOFTOP
903,959,44.01969909667969,-73.16929626464844,ROOFTOP
904,960,40.80979919433594,-77.91010284423828,RANGE_INTERPOLATED
905,961,60.38100051879883,25.110200881958008,GEOMETRIC_CENTER
906,962,41.147499084472656,-85.1167984008789,APPROXIMATE
907,963,29.43000030517578,-98.48999786376953,APPROXIMATE
908,964,32.79779815673828,-117.23999786376953,APPROXIMATE
909,965,37.80160140991211,-122.27400207519531,RANGE_INTERPOLATED
910,966,47.51430130004883,-122.35299682617188,ROOFTOP
911,967,50.99530029296875,4.2835001945495605,RANGE_INTERPOLATED
912,968,32.801700592041016,-79.94550323486328,RANGE_INTERPOLATED
913,969,43.14670181274414,-75.17790222167969,APPROXIMATE
914,970,42.20119857788086,-72.61039733886719,ROOFTOP
915,971,40.49599838256836,-111.41999816894531,RANGE_INTERPOLATED
916,972,48.13909912109375,11.5802001953125,APPROXIMATE
917,973,43.83440017700195,-91.23619842529297,ROOFTOP
918,974,45.2151985168457,-123.97000122070312,ROOFTOP
919,975,40.45690155029297,-79.99150085449219,ROOFTOP
920,976,42.83679962158203,-71.66259765625,RANGE_INTERPOLATED
921,977,40.45690155029297,-79.99150085449219,ROOFTOP
922,978,29.576099395751953,-98.47720336914062,ROOFTOP
923,979,34.92509841918945,-95.72530364990234,GEOMETRIC_CENTER
924,980,33.917598724365234,-117.26000213623047,ROOFTOP
925,981,39.98270034790039,-75.12750244140625,ROOFTOP
926,982,-20.273799896240234,57.497100830078125,GEOMETRIC_CENTER
927,983,41.910400390625,-87.67610168457031,ROOFTOP
928,984,47.60810089111328,-122.33999633789062,ROOFTOP
929,985,35.131500244140625,-79.42949676513672,APPROXIMATE
930,986,33.72679901123047,-111.85299682617188,RANGE_INTERPOLATED
931,987,39.736900329589844,-104.99099731445312,RANGE_INTERPOLATED
932,988,42.00379943847656,21.452199935913086,APPROXIMATE
933,990,50.20940017700195,15.832599639892578,APPROXIMATE
934,993,50.035499572753906,15.76200008392334,ROOFTOP
935,994,50.087799072265625,14.420499801635742,APPROXIMATE
936,995,49.19110107421875,16.591800689697266,ROOFTOP
937,996,47.88090133666992,18.197200775146484,ROOFTOP
938,997,49.92250061035156,14.636099815368652,ROOFTOP
939,998,50.06850051879883,14.406700134277344,ROOFTOP
940,999,59.93899917602539,30.315799713134766,APPROXIMATE
941,1000,41.945499420166016,-88.45069885253906,ROOFTOP
942,1001,32.99079895019531,-117.27200317382812,ROOFTOP
943,1002,37.22829818725586,-77.39029693603516,GEOMETRIC_CENTER
944,1003,40.69540023803711,-99.0811996459961,RANGE_INTERPOLATED
945,1004,37.66450119018555,-121.87300109863281,ROOFTOP
946,1005,49.74660110473633,13.386099815368652,ROOFTOP
947,1007,35.181400299072266,136.906005859375,APPROXIMATE
948,1008,38.88140106201172,-94.81909942626953,APPROXIMATE
949,1009,33.14059829711914,-117.1500015258789,APPROXIMATE
950,1010,43.38719940185547,-87.87560272216797,APPROXIMATE
951,1011,40.33409881591797,-75.01200103759766,RANGE_INTERPOLATED
952,1012,45.541500091552734,-122.71299743652344,ROOFTOP
953,1013,43.07809829711914,-70.75749969482422,RANGE_INTERPOLATED
954,1014,42.034698486328125,-88.28189849853516,ROOFTOP
955,1015,34.54199981689453,-112.47000122070312,ROOFTOP
956,1016,60.487701416015625,9.18850040435791,APPROXIMATE
957,1017,49.67470169067383,8.925000190734863,APPROXIMATE
958,1018,51.18330001831055,6.499300003051758,ROOFTOP
959,1019,48.31529998779297,11.89109992980957,ROOFTOP
960,1020,51.22919845581055,6.792500019073486,ROOFTOP
961,1021,50.94649887084961,6.956299781799316,ROOFTOP
962,1023,48.91749954223633,11.873499870300293,ROOFTOP
963,1024,49.885101318359375,10.88230037689209,ROOFTOP
964,1025,39.62820053100586,-106.0469970703125,ROOFTOP
965,1026,43.6614990234375,-70.25530242919922,APPROXIMATE
966,1027,40.168800354003906,-105.10199737548828,ROOFTOP
967,1028,43.60110092163086,-89.793701171875,APPROXIMATE
968,1029,47.59170150756836,-122.33499908447266,ROOFTOP
969,1029,37.88059997558594,-122.30000305175781,ROOFTOP
970,1031,47.59239959716797,-122.33399963378906,RANGE_INTERPOLATED
971,1032,36.06629943847656,120.38300323486328,APPROXIMATE
972,1033,33.490501403808594,-79.11599731445312,GEOMETRIC_CENTER
973,1034,49.26729965209961,-123.10299682617188,RANGE_INTERPOLATED
974,1035,45.485599517822266,-122.75399780273438,ROOFTOP
975,1036,41.58409881591797,-93.62960052490234,ROOFTOP
976,1037,51.11479949951172,13.914999961853027,RANGE_INTERPOLATED
977,1038,32.73659896850586,-97.32740020751953,ROOFTOP
978,1039,45.08509826660156,-87.65440368652344,ROOFTOP
979,1040,61.218101501464844,-149.89999389648438,APPROXIMATE
980,1041,41.1151008605957,-74.14700317382812,RANGE_INTERPOLATED
981,1042,42.832000732421875,-88.71399688720703,ROOFTOP
982,1043,51.37229919433594,-2.8773000240325928,APPROXIMATE
983,1044,30.113000869750977,-98.41560363769531,RANGE_INTERPOLATED
984,1045,33.6864013671875,-117.66000366210938,APPROXIMATE
985,1046,33.0369987487793,-117.29199981689453,APPROXIMATE
986,1047,45.19129943847656,-109.24700164794922,RANGE_INTERPOLATED
987,1048,36.06129837036133,-79.56950378417969,ROOFTOP
988,1049,40.30440139770508,-79.5470962524414,ROOFTOP
989,1050,40.018699645996094,-105.27899932861328,ROOFTOP
990,1051,47.606201171875,-122.33200073242188,APPROXIMATE
991,1052,43.01169967651367,-88.23149871826172,APPROXIMATE
992,1053,48.07080078125,11.531100273132324,ROOFTOP
993,1054,41.92340087890625,-87.69819641113281,ROOFTOP
994,1055,37.53559875488281,-77.43379974365234,ROOFTOP
995,1056,51.546199798583984,-1.1354999542236328,RANGE_INTERPOLATED
996,1057,33.414798736572266,-111.90899658203125,APPROXIMATE
997,1058,40.36880111694336,-74.94770050048828,ROOFTOP
998,1059,41.849998474121094,-87.65010070800781,APPROXIMATE
999,1060,40.63800048828125,-111.69000244140625,APPROXIMATE
1000,1061,40.44649887084961,-79.76419830322266,ROOFTOP
1001,1062,44.56930160522461,-72.60340118408203,ROOFTOP
1002,1063,41.89149856567383,-87.62840270996094,ROOFTOP
1003,1064,39.74720001220703,-104.99500274658203,RANGE_INTERPOLATED
1004,1065,43.03990173339844,-87.91169738769531,ROOFTOP
1005,1066,44.97650146484375,-93.27469635009766,ROOFTOP
1006,1067,37.28860092163086,-121.93299865722656,ROOFTOP
1007,1068,39.56779861450195,-104.8740005493164,ROOFTOP
1008,1069,41.46229934692383,-81.85600280761719,ROOFTOP
1009,1070,39.40909957885742,-104.87000274658203,ROOFTOP
1010,1071,42.787498474121094,-86.10890197753906,APPROXIMATE
1011,1072,44.620201110839844,-124.052001953125,ROOFTOP
1012,1073,51.442100524902344,4.9232001304626465,RANGE_INTERPOLATED
1013,1074,37.28689956665039,-121.94599914550781,ROOFTOP
1014,1075,45.51179885864258,-122.65899658203125,ROOFTOP
1015,1076,37.987098693847656,-122.58899688720703,APPROXIMATE
1016,1077,43.31779861450195,-88.37899780273438,APPROXIMATE
1017,1078,38.64699935913086,-90.2249984741211,APPROXIMATE
1018,1079,32.78900146484375,-96.79889678955078,APPROXIMATE
1019,1080,44.02909851074219,-88.16290283203125,RANGE_INTERPOLATED
1020,1081,39.93899917602539,-77.65660095214844,RANGE_INTERPOLATED
1021,1082,38.57310104370117,-121.48100280761719,ROOFTOP
1022,1083,47.68550109863281,9.208000183105469,ROOFTOP
1023,1084,44.890201568603516,-92.63780212402344,RANGE_INTERPOLATED
1024,706,49.14820098876953,-122.86199951171875,RANGE_INTERPOLATED
1025,1086,38.44179916381836,-122.71199798583984,ROOFTOP
1026,1087,41.387901306152344,2.1698999404907227,APPROXIMATE
1027,1088,51.47359848022461,-3.178999900817871,GEOMETRIC_CENTER
1028,1089,12.968299865722656,77.65699768066406,APPROXIMATE
1029,1090,38.61909866333008,-121.4000015258789,RANGE_INTERPOLATED
1030,1091,29.812299728393555,-95.46749877929688,RANGE_INTERPOLATED
1031,1092,38.632999420166016,-90.20999908447266,ROOFTOP
1032,1093,28.164600372314453,-82.77169799804688,ROOFTOP
1033,1094,59.30139923095703,24.66790008544922,RANGE_INTERPOLATED
1034,1095,29.424100875854492,-98.49359893798828,APPROXIMATE
1035,1096,52.70690155029297,-2.7869999408721924,RANGE_INTERPOLATED
1036,1097,40.76259994506836,-111.8949966430664,RANGE_INTERPOLATED
1037,1098,21.306900024414062,-157.85800170898438,APPROXIMATE
1038,1099,53.883399963378906,-1.2625000476837158,GEOMETRIC_CENTER
1039,1100,32.792198181152344,-117.0989990234375,ROOFTOP
1040,1101,33.134498596191406,-117.19100189208984,ROOFTOP
1041,1102,14.58329963684082,120.96700286865234,APPROXIMATE
1042,1103,44.29290008544922,-90.8510971069336,RANGE_INTERPOLATED
1043,1104,39.755699157714844,-104.99299621582031,RANGE_INTERPOLATED
1044,1105,44.80070114135742,-106.95600128173828,RANGE_INTERPOLATED
1045,1106,34.41659927368164,-119.69599914550781,ROOFTOP
1046,1107,36.974098205566406,-122.03099822998047,APPROXIMATE
1047,1108,35.59659957885742,-106.052001953125,ROOFTOP
1048,1109,38.44049835205078,-122.71399688720703,APPROXIMATE
1049,1111,52.54349899291992,-2.115600109100342,APPROXIMATE
1050,1112,45.42070007324219,-122.6709976196289,APPROXIMATE
1052,1113,-34.18550109863281,150.60699462890625,APPROXIMATE
1053,1114,50.02239990234375,10.829999923706055,ROOFTOP
1054,1115,47.99039840698242,13.923800468444824,ROOFTOP
1055,1116,47.409698486328125,9.751399993896484,ROOFTOP
1056,1118,32.803001403808594,-96.7698974609375,APPROXIMATE
1057,1119,37.96689987182617,-121.78299713134766,RANGE_INTERPOLATED
1058,1120,48.00400161743164,9.65839958190918,ROOFTOP
1059,1121,45.127899169921875,-76.12999725341797,RANGE_INTERPOLATED
1060,1122,40.89179992675781,-76.79750061035156,APPROXIMATE
1061,1123,55.94649887084961,-3.248500108718872,RANGE_INTERPOLATED
1062,1124,47.997501373291016,-122.21399688720703,RANGE_INTERPOLATED
1063,1125,44.797401428222656,-68.7699966430664,RANGE_INTERPOLATED
1064,1126,36.96760177612305,-122.00800323486328,ROOFTOP
1065,1127,35.66310119628906,-105.96600341796875,RANGE_INTERPOLATED
1066,1128,40.80099868774414,-76.86139678955078,ROOFTOP
1067,1129,36.758201599121094,-119.802001953125,ROOFTOP
1068,1130,49.14870071411133,-122.91200256347656,APPROXIMATE
1069,1131,20.894699096679688,-156.47000122070312,APPROXIMATE
1070,1132,51.316898345947266,0.8920999765396118,RANGE_INTERPOLATED
1071,1133,44.913299560546875,-93.50330352783203,APPROXIMATE
1072,1134,40.56840133666992,-75.09539794921875,ROOFTOP
1073,1135,45.04949951171875,-87.28019714355469,RANGE_INTERPOLATED
1074,1136,43.66189956665039,-70.2489013671875,RANGE_INTERPOLATED
1075,1137,37.774898529052734,-122.41899871826172,APPROXIMATE
1076,1138,37.74810028076172,-122.41899871826172,RANGE_INTERPOLATED
1077,1139,44.97629928588867,-85.21040344238281,ROOFTOP
1078,1140,8.484100341796875,-13.228699684143066,APPROXIMATE
1079,1141,25.681100845336914,-100.36299896240234,RANGE_INTERPOLATED
1080,1142,39.72460174560547,-121.81600189208984,ROOFTOP
1081,1143,44.72200012207031,-123.91799926757812,RANGE_INTERPOLATED
1082,1144,64.95829772949219,-147.6219940185547,ROOFTOP
1083,1145,38.52429962158203,-122.49700164794922,RANGE_INTERPOLATED
1084,1146,47.58140182495117,9.919099807739258,APPROXIMATE
1085,1147,43.54999923706055,-96.70030212402344,APPROXIMATE
1086,1148,40.949100494384766,-124.10199737548828,RANGE_INTERPOLATED
1087,1149,40.67399978637695,-74.01180267333984,ROOFTOP
1088,901,37.24399948120117,-107.87899780273438,ROOFTOP
1089,1151,48.4192008972168,-122.33499908447266,ROOFTOP
1090,1152,18.8799991607666,72.94000244140625,APPROXIMATE
1091,1153,44.740299224853516,-88.4448013305664,APPROXIMATE
1092,1154,43.48699951171875,-80.20680236816406,RANGE_INTERPOLATED
1093,1155,61.219600677490234,-149.89599609375,RANGE_INTERPOLATED
1094,1156,59.854400634765625,17.662700653076172,ROOFTOP
1095,1157,40.129798889160156,-75.54989624023438,ROOFTOP
1096,1158,40.19430160522461,-75.53399658203125,RANGE_INTERPOLATED
1097,1159,35.9656982421875,-83.91809844970703,ROOFTOP
1098,1160,43.032501220703125,-70.7947998046875,RANGE_INTERPOLATED
1099,1161,43.47679901123047,-110.76499938964844,RANGE_INTERPOLATED
1100,1162,46.328399658203125,-120.00800323486328,ROOFTOP
1101,1163,37.984100341796875,-120.38200378417969,APPROXIMATE
1102,1164,43.632598876953125,-116.2750015258789,ROOFTOP
1103,1165,34.070098876953125,-106.89299774169922,ROOFTOP
1104,1166,33.72679901123047,-111.85299682617188,RANGE_INTERPOLATED
1105,1167,-34.91109848022461,138.5749969482422,ROOFTOP
1106,1168,39.7322998046875,-76.44960021972656,RANGE_INTERPOLATED
1107,1169,46.58720016479492,-90.89209747314453,ROOFTOP
1108,1170,40.89030075073242,-72.3927001953125,ROOFTOP
1109,1171,32.778499603271484,-79.92729949951172,ROOFTOP
1110,1172,30.348899841308594,-95.44270324707031,RANGE_INTERPOLATED
1111,1173,42.100799560546875,-79.33570098876953,GEOMETRIC_CENTER
1112,1175,47.695899963378906,-114.1760025024414,APPROXIMATE
1113,1177,37.73870086669922,-122.38099670410156,RANGE_INTERPOLATED
1114,1178,40.50579833984375,-96.70700073242188,RANGE_INTERPOLATED
1115,1179,29.426000595092773,-97.16069793701172,APPROXIMATE
1116,1180,33.85749816894531,-117.8759994506836,APPROXIMATE
1117,1181,43.099998474121094,-87.9197998046875,ROOFTOP
1118,1182,39.95249938964844,-76.32949829101562,ROOFTOP
1119,1183,37.20790100097656,-93.29550170898438,RANGE_INTERPOLATED
1120,1184,18.33679962158203,-64.72810363769531,APPROXIMATE
1121,1185,36.72819900512695,-76.58360290527344,APPROXIMATE
1122,1186,50.34159851074219,-4.788300037384033,RANGE_INTERPOLATED
1123,1187,52.65380096435547,-7.248000144958496,APPROXIMATE
1124,1188,49.801998138427734,11.032400131225586,ROOFTOP
1125,1189,53.34410095214844,-6.267499923706055,APPROXIMATE
1126,1190,37.641700744628906,-121.00399780273438,ROOFTOP
1127,1192,51.84859848022461,5.863900184631348,RANGE_INTERPOLATED
1128,1193,42.197601318359375,-122.71499633789062,ROOFTOP
1129,1194,43.64139938354492,-79.38690185546875,RANGE_INTERPOLATED
1130,1195,49.2849006652832,-123.11000061035156,ROOFTOP
1131,1196,37.27239990234375,-107.87999725341797,ROOFTOP
1132,1197,32.500701904296875,-94.7405014038086,APPROXIMATE
1133,1198,47.36899948120117,8.538000106811523,APPROXIMATE
1134,1199,35.99399948120117,-78.89859771728516,APPROXIMATE
1135,1200,44.510398864746094,-89.57340240478516,ROOFTOP
1136,1201,39.63180160522461,-75.66280364990234,RANGE_INTERPOLATED
1137,1202,47.800498962402344,13.044400215148926,APPROXIMATE
1138,1203,39.290401458740234,-76.61219787597656,APPROXIMATE
1139,1204,33.115699768066406,-117.12000274658203,ROOFTOP
1140,1205,44.25360107421875,-88.40370178222656,RANGE_INTERPOLATED
1141,1206,41.80720138549805,-91.49410247802734,APPROXIMATE
1142,1207,43.709999084472656,-70.30500030517578,RANGE_INTERPOLATED
1143,1208,44.197200775146484,-72.50189971923828,ROOFTOP
1144,1209,42.33720016479492,-83.01860046386719,ROOFTOP
1145,1210,49.282100677490234,-123.06999969482422,RANGE_INTERPOLATED
1146,1211,40.236900329589844,-76.0719985961914,RANGE_INTERPOLATED
1147,1212,43.03889846801758,-87.90650177001953,APPROXIMATE
1148,1213,54.39059829711914,-5.654799938201904,APPROXIMATE
1149,1214,41.42770004272461,-78.55390167236328,RANGE_INTERPOLATED
1150,1215,27.949399948120117,-82.46510314941406,APPROXIMATE
1151,1216,44.83420181274414,-87.37699890136719,APPROXIMATE
1152,1218,38.54719924926758,-121.72599792480469,ROOFTOP
1153,1219,43.31520080566406,-83.73139953613281,RANGE_INTERPOLATED
1154,1220,44.91389846801758,-93.13960266113281,ROOFTOP
1155,1221,45.04290008544922,-93.32460021972656,ROOFTOP
1156,1222,-32.06380081176758,115.91200256347656,ROOFTOP
1157,1223,39.03239822387695,-77.40969848632812,RANGE_INTERPOLATED
1158,1224,33.80870056152344,-84.38130187988281,ROOFTOP
1159,1225,42.866600036621094,-106.31300354003906,APPROXIMATE
1160,1226,38.82889938354492,-77.43930053710938,RANGE_INTERPOLATED
1161,1227,43.39059829711914,-79.80490112304688,RANGE_INTERPOLATED
1162,1229,32.80910110473633,-79.875,GEOMETRIC_CENTER
1163,1230,40.167198181152344,-105.10199737548828,APPROXIMATE
1164,1231,43.61130142211914,-116.20600128173828,ROOFTOP
1165,1232,32.77320098876953,-117.05500030517578,ROOFTOP
1166,1233,25.025999069213867,121.47200012207031,APPROXIMATE
1167,1234,27.9606990814209,-82.44329833984375,ROOFTOP
1168,1235,43.80139923095703,-91.2396011352539,APPROXIMATE
1169,1236,41.83580017089844,-88.00910186767578,RANGE_INTERPOLATED
1170,1237,49.32379913330078,-123.10199737548828,RANGE_INTERPOLATED
1171,1238,32.715301513671875,-117.15699768066406,APPROXIMATE
1172,1240,36.21540069580078,-115.2509994506836,ROOFTOP
1173,1241,55.85929870605469,-4.232399940490723,RANGE_INTERPOLATED
1174,1242,45.4192008972168,-117.27200317382812,RANGE_INTERPOLATED
1175,1243,33.945899963378906,-83.4104995727539,ROOFTOP
1176,1244,44.33720016479492,-72.75599670410156,ROOFTOP
1177,1245,40.89590072631836,-73.381103515625,ROOFTOP
1178,1246,33.86140060424805,-117.87999725341797,RANGE_INTERPOLATED
1179,1247,41.96580123901367,-72.79299926757812,ROOFTOP
1180,1248,40.462398529052734,-79.9645004272461,ROOFTOP
1181,1249,37.78390121459961,-122.0009994506836,GEOMETRIC_CENTER
1182,1250,42.118499755859375,-86.45369720458984,RANGE_INTERPOLATED
1183,1251,33.14059829711914,-117.1500015258789,APPROXIMATE
1184,1252,41.819000244140625,-71.40969848632812,RANGE_INTERPOLATED
1185,1253,41.92110061645508,-86.45829772949219,ROOFTOP
1186,1254,38.43980026245117,-122.71299743652344,ROOFTOP
1187,1255,41.06890106201172,-81.51719665527344,ROOFTOP
1188,1256,37.785499572753906,-122.4000015258789,ROOFTOP
1189,1257,34.79679870605469,-82.42449951171875,RANGE_INTERPOLATED
1190,1258,41.80870056152344,-72.71080017089844,RANGE_INTERPOLATED
1191,1259,47.59239959716797,-122.33399963378906,RANGE_INTERPOLATED
1192,1260,41.535400390625,-87.51580047607422,RANGE_INTERPOLATED
1193,1261,44.47710037231445,-73.21150207519531,ROOFTOP
1194,1262,32.3406982421875,-111.01499938964844,ROOFTOP
1195,1263,40.69660186767578,-99.08149719238281,RANGE_INTERPOLATED
1196,1264,40.925899505615234,-98.3396987915039,RANGE_INTERPOLATED
1197,1265,37.33620071411133,-121.89399719238281,ROOFTOP
1198,1266,50.839900970458984,4.247499942779541,RANGE_INTERPOLATED
1199,1267,49.49440002441406,-119.61000061035156,RANGE_INTERPOLATED
1200,1268,44.52000045776367,-88.01730346679688,ROOFTOP
1201,1269,39.739200592041016,-104.98500061035156,APPROXIMATE
1202,1270,52.05929946899414,1.1556999683380127,APPROXIMATE
1203,1271,39.741798400878906,-105.51799774169922,ROOFTOP
1204,1272,51.66659927368164,-3.9442999362945557,GEOMETRIC_CENTER
1205,1273,51.08729934692383,4.917799949645996,APPROXIMATE
1206,1274,-33.850101470947266,151.0449981689453,ROOFTOP
1207,1275,-33.86709976196289,151.20700073242188,APPROXIMATE
1208,1276,35.91320037841797,-79.05580139160156,RANGE_INTERPOLATED
1209,1277,20.89109992980957,-156.5050048828125,APPROXIMATE
1210,1278,42.35100173950195,-83.06649780273438,RANGE_INTERPOLATED
1211,1279,38.77450180053711,-90.48400115966797,RANGE_INTERPOLATED
1212,1280,40.68920135498047,-74.43489837646484,ROOFTOP
1213,1281,55.61899948120117,-3.0636000633239746,APPROXIMATE
1214,1282,38.89670181274414,-104.8550033569336,RANGE_INTERPOLATED
1215,1283,37.8734016418457,-122.26899719238281,ROOFTOP
1216,1284,40.36589813232422,-74.95439910888672,GEOMETRIC_CENTER
1217,1285,40.35070037841797,-74.6583023071289,ROOFTOP
1218,1286,40.25590133666992,-76.87149810791016,ROOFTOP
1219,1287,13.723400115966797,100.47599792480469,APPROXIMATE
1220,1288,44.520301818847656,-72.00140380859375,RANGE_INTERPOLATED
1221,1289,36.06629943847656,120.38300323486328,APPROXIMATE
1222,1290,49.464298248291016,11.084699630737305,ROOFTOP
1223,1292,44.94419860839844,-93.08609771728516,APPROXIMATE
1224,1293,38.9734992980957,-77.127197265625,ROOFTOP
1225,1294,33.74959945678711,-117.81199645996094,ROOFTOP
1226,1295,46.72079849243164,-92.1041030883789,APPROXIMATE
1227,1296,47.855899810791016,-121.97100067138672,RANGE_INTERPOLATED
1228,1297,40.02009963989258,-105.2509994506836,RANGE_INTERPOLATED
1229,1298,41.82059860229492,-88.20680236816406,RANGE_INTERPOLATED
1230,1299,40.7963981628418,-73.6989974975586,ROOFTOP
1231,1300,32.85449981689453,-96.7686996459961,ROOFTOP
1232,1301,43.08620071411133,-88.89669799804688,ROOFTOP
1234,1303,51.224998474121094,6.772200107574463,ROOFTOP
1235,1304,40.732601165771484,-111.9540023803711,ROOFTOP
1236,1305,39.14979934692383,-123.20800018310547,ROOFTOP
1237,1306,43.21649932861328,-123.34200286865234,APPROXIMATE
1238,1307,45.44160079956055,-73.2594985961914,RANGE_INTERPOLATED
1239,1309,40.21179962158203,-76.12319946289062,RANGE_INTERPOLATED
1240,1310,40.423301696777344,-104.70899963378906,APPROXIMATE
1241,1311,48.135501861572266,11.600899696350098,ROOFTOP
1242,1312,12.968899726867676,77.59459686279297,GEOMETRIC_CENTER
1243,1313,39.173301696777344,-86.53690338134766,RANGE_INTERPOLATED
1244,1314,41.84450149536133,-90.1886978149414,APPROXIMATE
1245,1315,41.23310089111328,-96.18109893798828,RANGE_INTERPOLATED
1246,1316,41.25529861450195,-95.93060302734375,RANGE_INTERPOLATED
1247,1317,51.320098876953125,-2.2079999446868896,APPROXIMATE
1248,1318,40.732200622558594,-111.9000015258789,RANGE_INTERPOLATED
1249,1320,37.955101013183594,-121.3219985961914,ROOFTOP
1250,1321,40.04389953613281,-75.38809967041016,APPROXIMATE
1251,1322,50.920501708984375,3.2541000843048096,APPROXIMATE
1252,1323,48.43439865112305,-123.36699676513672,RANGE_INTERPOLATED
1253,1324,44.477298736572266,-73.21440124511719,ROOFTOP
1255,1326,40.006099700927734,-75.69419860839844,RANGE_INTERPOLATED
1256,1327,45.25849914550781,-91.81809997558594,ROOFTOP
1257,1328,39.11259841918945,-77.55370330810547,ROOFTOP
1258,1329,57.49850082397461,18.458999633789062,APPROXIMATE
1259,1330,41.63719940185547,-80.15489959716797,RANGE_INTERPOLATED
1260,1332,42.55860137939453,-71.87149810791016,RANGE_INTERPOLATED
1261,1333,42.57389831542969,-76.85820007324219,RANGE_INTERPOLATED
1262,1334,40.46160125732422,-79.96530151367188,RANGE_INTERPOLATED
1263,1335,45.69219970703125,-121.88500213623047,RANGE_INTERPOLATED
1264,1336,42.648799896240234,-85.2874984741211,RANGE_INTERPOLATED
1265,1337,51.44160079956055,8.351900100708008,ROOFTOP
1266,1338,42.37179946899414,-71.23670196533203,ROOFTOP
1267,1339,43.0447998046875,-87.9113998413086,ROOFTOP
1268,1340,43.0525016784668,-88.36630249023438,ROOFTOP
1269,1341,44.86520004272461,-93.40950012207031,APPROXIMATE
1270,1342,51.50019836425781,-0.12620000541210175,APPROXIMATE
1271,1343,39.231998443603516,-84.37830352783203,APPROXIMATE
1272,1344,47.23109817504883,8.669099807739258,ROOFTOP
1273,1345,35.88589859008789,-75.6697006225586,GEOMETRIC_CENTER
1274,1346,41.85060119628906,-87.793701171875,APPROXIMATE
1275,1347,47.79399871826172,11.831100463867188,ROOFTOP
1277,1351,41.4995002746582,-81.69539642333984,APPROXIMATE
1278,1352,40.67319869995117,-75.22489929199219,ROOFTOP
1279,1353,51.537498474121094,-0.9046000242233276,APPROXIMATE
1280,1354,39.286598205566406,-76.61820220947266,ROOFTOP
1281,1355,53.14070129394531,-1.80840003490448,APPROXIMATE
1282,1356,52.13570022583008,-0.46799999475479126,APPROXIMATE
1283,1357,39.37220001220703,-76.46379852294922,RANGE_INTERPOLATED
1284,1358,45.34980010986328,-123.072998046875,RANGE_INTERPOLATED
1285,1359,47.38119888305664,-94.66690063476562,GEOMETRIC_CENTER
1286,1360,51.2047004699707,0.6812999844551086,GEOMETRIC_CENTER
1287,1361,45.54079818725586,-122.6760025024414,ROOFTOP
1288,1362,44.052101135253906,-123.08699798583984,APPROXIMATE
1289,1363,39.36280059814453,-77.42649841308594,ROOFTOP
1290,1364,42.21080017089844,-88.16519927978516,APPROXIMATE
1291,1365,42.17070007324219,-123.6449966430664,ROOFTOP
1292,1366,45.25189971923828,-92.27130126953125,APPROXIMATE
1293,1367,56.11629867553711,-3.7953999042510986,APPROXIMATE
1294,1368,41.6416015625,-81.40660095214844,RANGE_INTERPOLATED
1295,1369,34.22570037841797,-77.9447021484375,APPROXIMATE
1296,1370,43.04949951171875,-88.00759887695312,APPROXIMATE
1297,1371,44.65840148925781,-111.0999984741211,RANGE_INTERPOLATED
1298,1372,39.96189880371094,-105.51000213623047,RANGE_INTERPOLATED
1299,1373,52.684200286865234,1.4490000009536743,APPROXIMATE
1300,1374,49.79199981689453,9.914999961853027,ROOFTOP
1301,1375,51.75230026245117,-1.2558000087738037,APPROXIMATE
1302,1377,51.034000396728516,-114.08300018310547,GEOMETRIC_CENTER
1303,1378,52.149600982666016,-2.5506999492645264,APPROXIMATE
1304,1379,39.753501892089844,-104.99800109863281,ROOFTOP
1305,1380,46.60210037231445,-120.50599670410156,APPROXIMATE
1306,1381,49.2755012512207,-123.12100219726562,RANGE_INTERPOLATED
1307,1382,45.52349853515625,-122.6760025024414,APPROXIMATE
1308,1383,39.98310089111328,-75.12740325927734,RANGE_INTERPOLATED
1309,1391,36.1510009765625,-86.78209686279297,ROOFTOP
1310,1387,32.82099914550781,-96.78479766845703,ROOFTOP
1311,1390,45.78609848022461,-108.49800109863281,ROOFTOP
1312,1389,53.95709991455078,-1.090499997138977,RANGE_INTERPOLATED
1313,1385,51.46110153198242,-0.19660000503063202,RANGE_INTERPOLATED
1314,1388,40.70000076293945,-76.17469787597656,ROOFTOP
1315,1386,29.938600540161133,-90.07599639892578,RANGE_INTERPOLATED
